{
  "epoch": [
    1,
    2,
    3,
    4,
    5,
    6,
    7,
    8,
    9,
    10,
    11,
    12,
    13,
    14,
    15,
    16,
    17,
    18,
    19,
    20,
    21,
    22,
    23,
    24,
    25,
    26,
    27,
    28,
    29,
    30,
    31,
    32,
    33,
    34,
    35,
    36,
    37,
    38,
    39,
    40,
    41,
    42,
    43,
    44,
    45,
    46,
    47,
    48,
    49,
    50,
    51,
    52,
    53,
    54,
    55,
    56,
    57,
    58,
    59,
    60,
    61,
    62,
    63,
    64,
    65,
    66,
    67,
    68,
    69
  ],
  "avg_reward": [
    49.07942444616757,
    47.69546548500517,
    48.45491424334413,
    46.32900981600117,
    46.78043265726444,
    47.58320328704595,
    48.36480431961097,
    47.355763920730894,
    49.145632618094936,
    50.52959085337613,
    47.48340555927651,
    47.10804560171695,
    46.9630264455676,
    48.97191775487997,
    48.205145113962004,
    46.43474280458223,
    47.620368113462334,
    46.24019874695543,
    51.146081901441846,
    48.06424199550975,
    47.10239926951414,
    49.14907212749034,
    46.57167061433232,
    47.53014786788116,
    49.73106057127706,
    49.798500361872414,
    46.87757179072794,
    46.888304093087115,
    46.64511528581966,
    47.24030741745295,
    47.42137021194749,
    48.531511960367396,
    49.602843544135226,
    48.08650144857957,
    49.034708840125745,
    48.02045367762662,
    47.090276626674495,
    47.78259422440178,
    49.98648878243256,
    48.28160771328324,
    48.82877199378157,
    49.21516287941445,
    48.96378503415928,
    50.25260597630166,
    47.116875583647456,
    49.60154942811898,
    47.145703590269875,
    49.98007051040087,
    49.35271943084253,
    50.54569516289185,
    48.91351772933588,
    49.632264442671655,
    50.40284703566675,
    49.56650801078014,
    49.468370887145106,
    49.42743062329178,
    50.026783171170926,
    49.024082027110005,
    48.734136439676575,
    49.11391232242992,
    48.375658337986586,
    50.24482912539535,
    49.16267136858074,
    49.61565382607853,
    48.651646963959436,
    49.396347568533685,
    49.03009274385251,
    49.658382892916194,
    49.616532804454145
  ],
  "max_reward": [
    60.0,
    58.46969070887406,
    58.333333333333336,
    58.45238095238095,
    58.35616438356165,
    58.0,
    58.048780487804876,
    57.945205479452056,
    58.24324324324324,
    57.82608695652174,
    58.19444444444444,
    57.67123287671233,
    58.0,
    57.704918032786885,
    57.92207792207792,
    57.436458878096545,
    57.86666666666667,
    57.83783783783784,
    57.92097007792534,
    57.72727272727273,
    57.848101265822784,
    57.83783783783784,
    57.8125,
    57.76119402985075,
    57.901234567901234,
    57.80821917808219,
    57.76119402985075,
    58.07692307692308,
    58.03030303030303,
    57.82608695652174,
    57.916666666666664,
    57.79661016949153,
    58.064516129032256,
    57.75,
    57.79220779220779,
    57.74647887323944,
    58.18181818181818,
    57.972972972972975,
    57.82051282051282,
    58.026315789473685,
    58.14814814814815,
    57.86666666666667,
    57.945205479452056,
    57.92207792207792,
    57.878787878787875,
    57.81079706445506,
    57.916666666666664,
    58.0,
    58.170731707317074,
    58.0327868852459,
    57.592592592592595,
    57.794117647058826,
    58.088235294117645,
    57.93103448275862,
    57.875,
    57.875,
    57.794117647058826,
    57.74647887323944,
    57.83783783783784,
    58.07692307692308,
    57.61194029850746,
    58.125,
    58.333333333333336,
    57.916666666666664,
    57.84615384615385,
    57.794117647058826,
    58.11764705882353,
    58.05555555555556,
    57.77777777777778
  ],
  "kl_div": [
    -0.5901494175195694,
    -0.015145629644393921,
    0.7505506575107574,
    -3.930703967809677,
    -4.20293802022934,
    -5.637677185237408,
    -6.829857707023621,
    -4.696331158280373,
    -5.821571730077267,
    -7.021883323788643,
    -8.651411443948746,
    -5.863472133874893,
    -5.622648522257805,
    -7.397188156843185,
    -7.555880039930344,
    -7.5736232325434685,
    -8.237384378910065,
    -8.27320647239685,
    -8.546303391456604,
    -5.047137834131718,
    -8.393536902964115,
    -6.779466345906258,
    -6.20304274559021,
    -9.84098832309246,
    -9.908179104328156,
    -5.228810455650091,
    -7.9705113004893064,
    -6.001498773694038,
    -5.336302742362022,
    -8.311722308397293,
    -9.324484575539827,
    -4.7318419218063354,
    -6.2504716366529465,
    -6.375138089060783,
    -3.9676110446453094,
    -5.808513388037682,
    -3.500149868428707,
    -5.0074512884020805,
    -5.32531563937664,
    -2.883498430252075,
    -5.253265678882599,
    -3.4791574999690056,
    -6.576338790357113,
    -6.176427394151688,
    -7.826698020100594,
    -7.69915734231472,
    -2.9755556508898735,
    -5.169405594468117,
    -3.3085532188415527,
    -4.769704110920429,
    -3.9230291843414307,
    -3.5452557802200317,
    -3.1827715262770653,
    -5.724649518728256,
    -6.518534068018198,
    -7.473445311188698,
    -5.203520275652409,
    -4.388251557946205,
    -6.422916650772095,
    -4.3925905376672745,
    -3.782480865716934,
    -5.386776603758335,
    -6.714674025774002,
    -3.690647654235363,
    -5.763429440557957,
    -4.119878485798836,
    -6.306568399071693,
    -6.860479339957237,
    -3.929507464170456
  ],
  "diversity": [
    0.8128526564057383,
    0.7726881899499587,
    0.7658461919388891,
    0.7524594762404546,
    0.7560576088390429,
    0.7351406589588524,
    0.7415489084858682,
    0.743811626502588,
    0.73880089831788,
    0.7431501090314869,
    0.7435384389765035,
    0.7318076859303801,
    0.7478865967922369,
    0.7234682663478743,
    0.7346542445524732,
    0.7253736177406066,
    0.7344951367834314,
    0.7171646886826128,
    0.7267763905500806,
    0.71942338412583,
    0.7291125308007439,
    0.7272923466682738,
    0.734422508238078,
    0.7270787662051956,
    0.7132804692857533,
    0.7238257147594769,
    0.718864471305666,
    0.7254414997452135,
    0.7288285278930879,
    0.7273376190667451,
    0.7272749384556563,
    0.7220274406132249,
    0.7184005665482773,
    0.7247840835245398,
    0.7165129951253846,
    0.7122111783690201,
    0.7232727533716294,
    0.7165384933833636,
    0.720625157159827,
    0.7124487787300954,
    0.7289284271473873,
    0.7195641676458129,
    0.7131645381734536,
    0.7294232980120798,
    0.7183339183740924,
    0.7189296833566088,
    0.722861276673632,
    0.7098809600411474,
    0.7083808515074885,
    0.7079019044091002,
    0.709666886884989,
    0.7232588458153635,
    0.7160224042130672,
    0.7177989489774057,
    0.7150617990507596,
    0.7205405796699103,
    0.7214640963206089,
    0.7172617397345891,
    0.712058670239734,
    0.7352819481297866,
    0.7130586217845243,
    0.7215732964662338,
    0.7113724111941331,
    0.7232691559993893,
    0.7220397191897376,
    0.7184636601571923,
    0.7194129688631861,
    0.7145863924564029,
    0.7209165924160592
  ],
  "valid_ratio": [
    1.0,
    1.0,
    1.0,
    1.0,
    1.0,
    1.0,
    1.0,
    1.0,
    1.0,
    1.0,
    1.0,
    1.0,
    1.0,
    1.0,
    1.0,
    1.0,
    1.0,
    1.0,
    1.0,
    1.0,
    1.0,
    1.0,
    1.0,
    1.0,
    1.0,
    1.0,
    1.0,
    1.0,
    1.0,
    1.0,
    1.0,
    1.0,
    1.0,
    1.0,
    1.0,
    1.0,
    1.0,
    1.0,
    1.0,
    1.0,
    1.0,
    1.0,
    1.0,
    1.0,
    1.0,
    1.0,
    1.0,
    1.0,
    1.0,
    1.0,
    1.0,
    1.0,
    1.0,
    1.0,
    1.0,
    1.0,
    1.0,
    1.0,
    1.0,
    1.0,
    1.0,
    1.0,
    1.0,
    1.0,
    1.0,
    1.0,
    1.0,
    1.0,
    1.0
  ],